{
  "test_loss": 0.09627661854028702,
  "test_acc": 0.9753086566925049,
  "epochs_trained": 8,
  "class_weight": {
    "0": 27.925925925925927,
    "1": 0.34618916437098257,
    "2": 13.228070175438596
  },
  "labels": [
    "negative",
    "neutral",
    "positive"
  ]
}